Program ID,Invoice Number,TradeIX Ref Number,Supplier Ref,Buyer Ref,Funder Ref,Invoice Date,Invoice Currency,Invoice Amount,Cash Applied,Dilutions Applied,Remaining Balance,Insurable Amount,Funding Requested Amount,Funding Confirmed Amount,Funded Date,Settlement Requested Amount,Settlement Confirmed Amount,Funded Remaining,Due Date,Funding Status,Forecast Settlement Date,Insurer,Policy Number
1,11219143-3057814,17|272655914|11219143-3057814,100415290,100310651,Standard Chartered,2017-12-30T00:00:00Z,GBP,12000.0000,0.0000,0.0000,12000.00,12000.00,0,0,,0,0,0,2018-04-01T00:00:00Z,TradePaymentRequestSent,2018-04-03T00:00:00Z,501,
1,11219166-3061805,17|272846073|11219166-3061805,100415290,100310651,Standard Chartered,2017-12-25T00:00:00Z,GBP,12000.0000,0.0000,0.0000,12000.00,12000.00,0,0,,0,0,0,2018-03-27T00:00:00Z,TradePaymentRequestSent,2018-03-29T00:00:00Z,501,
1,A-INV-00002,17|A-INVUID-00002|A-INV-00002,100415290,Albertsons (B1),,2017-09-15T05:51:32.074Z,GBP,8492106.0000,0.0000,0.0000,8492106.00,0.00,0,0,,0,0,0,2018-02-05T05:25:47.587Z,Accepted,2018-02-05T05:25:47.587Z,,
1,A-INV-00003,17|A-INVUID-00003|A-INV-00003,100415290,Albertsons (B1),Standard Chartered,2017-09-15T05:51:32.074Z,GBP,5.0000,0.0000,5.0000,0.00,5.00,0,0,,0,0,0,2018-02-05T05:25:47.587Z,SettlementNotificationSent,2018-02-05T05:25:47.587Z,REFERENCE,
1,A-INV-00004,17|A-INVUID-00004|A-INV-00004,100415290,Albertsons (B1),Standard Chartered,2017-09-15T05:51:32.074Z,GBP,10.0000,0.0000,10.0000,0.00,10.00,0,0,,0,0,0,2018-02-05T05:25:47.587Z,SettlementNotificationSent,2018-02-05T05:25:47.587Z,REFERENCE,
1,A-INV-00005,17|A-INVUID-00005|A-INV-00005,100415290,Albertsons (B1),,2017-09-15T05:51:32.074Z,GBP,1769016.0000,0.0000,1769016.0000,0.00,0.00,0,0,,0,0,0,2018-02-05T05:25:47.587Z,InvoiceRepurchased,2018-02-05T05:25:47.587Z,REFERENCE,
1,A-INV-00006,17|A-INVUID-00006|A-INV-00006,100415290,Albertsons (B1),,2017-09-15T05:51:32.074Z,GBP,6517451.0000,0.0000,0.0000,6517451.00,0.00,0,0,,0,0,0,2018-02-05T05:25:47.587Z,Accepted,2018-02-05T05:25:47.587Z,,
1,A-INV-00007,17|A-INVUID-00007|A-INV-00007,100415290,Albertsons (B1),Standard Chartered,2017-09-15T05:51:32.074Z,GBP,7.0000,0.0000,7.0000,0.00,7.00,0,0,,0,0,0,2018-02-05T05:25:47.587Z,SettlementNotificationSent,2018-02-05T05:25:47.587Z,REFERENCE,
1,A-INV-00008,17|A-INVUID-00008|A-INV-00008,100415290,Albertsons (B1),Standard Chartered,2017-09-15T05:51:32.074Z,GBP,8.0000,0.0000,0.0000,8.00,8.00,0,0,,0,0,0,2018-02-05T05:25:47.587Z,TradePaymentRequestSent,2018-02-05T05:25:47.587Z,REFERENCE,
1,A-INV-00009,17|A-INVUID-00009|A-INV-00009,100415290,Albertsons (B1),,2017-09-15T05:51:32.074Z,GBP,7140545.0000,0.0000,7140545.0000,0.00,0.00,0,0,,0,0,0,2018-02-05T05:25:47.587Z,InvoiceRepurchased,2018-02-05T05:25:47.587Z,REFERENCE,
1,A-INV-00010,17|A-INVUID-00010|A-INV-00010,100415290,Albertsons (B1),Standard Chartered,2017-09-15T05:51:32.074Z,GBP,3122951.0000,624590.0000,2498361.0000,0.00,2498361.00,0,0,,0,0,0,2018-02-05T05:25:47.587Z,SettlementNotificationSent,2018-02-05T05:25:47.587Z,,
1,A-INV-00011,17|A-INVUID-00011|A-INV-00011,100415290,Albertsons (B1),Standard Chartered,2017-09-15T05:51:32.074Z,GBP,2156294.0000,0.0000,2156294.0000,0.00,1832850.00,0,0,,0,0,0,2018-02-05T05:25:47.587Z,SettlementNotificationSent,2018-02-05T05:25:47.587Z,,
1,A-INV-00012,17|A-INVUID-00012|A-INV-00012,100415290,Albertsons (B1),Standard Chartered,2017-09-15T05:51:32.074Z,GBP,4907135.0000,981427.0000,3925708.0000,0.00,3336852.00,0,0,,0,0,0,2018-02-05T05:25:47.587Z,SettlementNotificationSent,2018-02-05T05:25:47.587Z,,
1,A-INV-00013,17|A-INVUID-00013|A-INV-00013,100415290,Albertsons (B1),,2017-09-15T05:51:32.074Z,GBP,1810162.0000,0.0000,0.0000,1810162.00,0.00,0,0,,0,0,0,2018-02-05T05:25:47.587Z,Accepted,2018-02-05T05:25:47.587Z,,
1,A-INV-00014,17|A-INVUID-00014|A-INV-00014,100415290,Albertsons (B1),Standard Chartered,2017-09-15T05:51:32.074Z,GBP,10.0000,0.0000,10.0000,0.00,10.00,0,0,,0,0,0,2018-02-05T05:25:47.587Z,SettlementNotificationSent,2018-02-05T05:25:47.587Z,REFERENCE,
1,A-INV-00015,17|A-INVUID-00015|A-INV-00015,100415290,Albertsons (B1),Standard Chartered,2017-09-15T05:51:32.074Z,GBP,5.0000,0.0000,0.0000,5.00,5.00,0,0,,0,0,0,2018-02-05T05:25:47.587Z,TradePaymentRequestSent,2018-02-05T05:25:47.587Z,REFERENCE,
1,A-INV-00016,17|A-INVUID-00016|A-INV-00016,100415290,Albertsons (B1),,2017-09-15T05:51:32.074Z,GBP,3354453.0000,0.0000,3354453.0000,0.00,0.00,0,0,,0,0,0,2018-02-05T05:25:47.587Z,InvoiceRepurchased,2018-02-05T05:25:47.587Z,REFERENCE,
1,A-INV-00017,17|A-INVUID-00017|A-INV-00017,100415290,Albertsons (B1),Standard Chartered,2017-09-15T05:51:32.074Z,GBP,6390894.0000,1278178.0000,5112716.0000,0.00,5112716.00,0,0,,0,0,0,2018-02-05T05:25:47.587Z,SettlementNotificationSent,2018-02-05T05:25:47.587Z,,
1,A-INV-00018,17|A-INVUID-00018|A-INV-00018,100415290,Albertsons (B1),Standard Chartered,2017-09-15T05:51:32.074Z,GBP,6979366.0000,0.0000,6979366.0000,0.00,5932462.00,0,0,,0,0,0,2018-02-05T05:25:47.587Z,SettlementNotificationSent,2018-02-05T05:25:47.587Z,,
1,A-INV-00019,17|A-INVUID-00019|A-INV-00019,100415290,Albertsons (B1),Standard Chartered,2017-09-15T05:51:32.074Z,GBP,1556601.0000,0.0000,0.0000,1556601.00,1556601.00,0,0,,0,0,0,2018-02-05T05:25:47.587Z,SettlementNotificationRequired,2018-02-05T05:25:47.587Z,REFERENCE,
1,A-INV-00020,17|A-INVUID-00020|A-INV-00020,100415290,Albertsons (B1),Standard Chartered,2017-09-15T05:51:32.074Z,GBP,6886857.0000,1377371.0000,5509486.0000,0.00,4683064.00,0,0,,0,0,0,2018-02-06T05:25:47.587Z,SettlementNotificationSent,2018-02-06T05:25:47.587Z,,
1,A-INV-00021,17|A-INVUID-00021|A-INV-00021,100415290,Albertsons (B1),,2017-09-15T05:51:32.074Z,GBP,1551476.0000,0.0000,0.0000,1551476.00,0.00,0,0,,0,0,0,2018-02-06T05:25:47.587Z,Accepted,2018-02-06T05:25:47.587Z,,
1,A-INV-00022,17|A-INVUID-00022|A-INV-00022,100415290,Albertsons (B1),Standard Chartered,2017-09-15T05:51:32.074Z,GBP,4.0000,0.0000,4.0000,0.00,4.00,0,0,,0,0,0,2018-02-06T05:25:47.587Z,SettlementNotificationSent,2018-02-06T05:25:47.587Z,REFERENCE,
1,A-INV-00023,17|A-INVUID-00023|A-INV-00023,100415290,Albertsons (B1),Standard Chartered,2017-09-15T05:51:32.074Z,GBP,11.0000,0.0000,0.0000,11.00,11.00,0,0,,0,0,0,2018-02-06T05:25:47.587Z,TradePaymentRequestSent,2018-02-06T05:25:47.587Z,REFERENCE,
1,A-INV-00024,17|A-INVUID-00024|A-INV-00024,100415290,Albertsons (B1),,2017-09-15T05:51:32.074Z,GBP,132729.0000,0.0000,132729.0000,0.00,0.00,0,0,,0,0,0,2018-02-06T05:25:47.587Z,InvoiceRepurchased,2018-02-06T05:25:47.587Z,REFERENCE,
1,A-INV-00025,17|A-INVUID-00025|A-INV-00025,100415290,Albertsons (B1),Standard Chartered,2017-09-15T05:51:32.074Z,GBP,3270505.0000,654101.0000,2616404.0000,0.00,2616404.00,0,0,,0,0,0,2018-02-06T05:25:47.587Z,SettlementNotificationSent,2018-02-06T05:25:47.587Z,,
1,A-INV-00026,17|A-INVUID-00026|A-INV-00026,100415290,Albertsons (B1),Standard Chartered,2017-09-15T05:51:32.074Z,GBP,1878416.0000,0.0000,1878416.0000,0.00,1596654.00,0,0,,0,0,0,2018-02-06T05:25:47.587Z,SettlementNotificationSent,2018-02-06T05:25:47.587Z,,
1,A-INV-00027,17|A-INVUID-00027|A-INV-00027,100415290,Albertsons (B1),Standard Chartered,2017-09-15T05:51:32.074Z,GBP,9557789.0000,1911557.0000,7646232.0000,0.00,6499298.00,0,0,,0,0,0,2018-02-06T05:25:47.587Z,SettlementNotificationSent,2018-02-06T05:25:47.587Z,,
1,A-INV-00028,17|A-INVUID-00028|A-INV-00028,100415290,Albertsons (B1),,2017-09-15T05:51:32.074Z,GBP,2630773.0000,0.0000,0.0000,2630773.00,0.00,0,0,,0,0,0,2018-02-07T05:25:47.587Z,Accepted,2018-02-07T05:25:47.587Z,,
1,A-INV-00029,17|A-INVUID-00029|A-INV-00029,100415290,Albertsons (B1),Standard Chartered,2017-09-15T05:51:32.074Z,GBP,4.0000,0.0000,4.0000,0.00,4.00,0,0,,0,0,0,2018-02-07T05:25:47.587Z,SettlementNotificationSent,2018-02-07T05:25:47.587Z,REFERENCE,
1,A-INV-00030,17|A-INVUID-00030|A-INV-00030,100415290,Albertsons (B1),Standard Chartered,2017-09-15T05:51:32.074Z,GBP,11.0000,0.0000,0.0000,11.00,11.00,0,0,,0,0,0,2018-02-07T05:25:47.587Z,TradePaymentRequestSent,2018-02-07T05:25:47.587Z,REFERENCE,
1,A-INV-00031,17|A-INVUID-00031|A-INV-00031,100415290,Albertsons (B1),,2017-09-15T05:51:32.074Z,GBP,5055754.0000,0.0000,5055754.0000,0.00,0.00,0,0,,0,0,0,2018-02-07T05:25:47.587Z,InvoiceRepurchased,2018-02-07T05:25:47.587Z,REFERENCE,
1,A-INV-00032,17|A-INVUID-00032|A-INV-00032,100415290,Albertsons (B1),Standard Chartered,2017-09-15T05:51:32.074Z,GBP,6073202.0000,1214640.0000,4858562.0000,0.00,4858562.00,0,0,,0,0,0,2018-02-07T05:25:47.587Z,SettlementNotificationSent,2018-02-07T05:25:47.587Z,,
1,A-INV-00033,17|A-INVUID-00033|A-INV-00033,100415290,Albertsons (B1),Standard Chartered,2017-09-15T05:51:32.074Z,GBP,6199073.0000,0.0000,0.0000,6199073.00,6199073.00,0,0,,0,0,0,2018-02-07T05:25:47.587Z,TradePaymentRequestSent,2018-02-07T05:25:47.587Z,REFERENCE,
1,A-INV-00034,17|A-INVUID-00034|A-INV-00034,100415290,Albertsons (B1),Standard Chartered,2017-09-15T05:51:32.074Z,GBP,9588120.0000,1917624.0000,7670496.0000,0.00,7670496.00,0,0,,0,0,0,2018-02-07T05:25:47.587Z,SettlementNotificationSent,2018-02-07T05:25:47.587Z,,
1,A-INV-00035,17|A-INVUID-00035|A-INV-00035,100415290,Albertsons (B1),Standard Chartered,2017-09-15T05:51:32.074Z,GBP,6547137.0000,0.0000,0.0000,6547137.00,6547137.00,0,0,,0,0,0,2018-02-07T05:25:47.587Z,TradePaymentRequestSent,2018-02-07T05:25:47.587Z,REFERENCE,
1,A-INV-00037,17|A-INVUID-00037|A-INV-00037,100415290,Albertsons (B1),Standard Chartered,2017-09-15T05:51:32.074Z,GBP,740206.0000,0.0000,0.0000,740206.00,740206.00,0,0,,0,0,0,2018-02-07T05:25:47.587Z,TradePaymentRequestSent,2018-02-07T05:25:47.587Z,REFERENCE,
1,A-INV-00038,17|A-INVUID-00038|A-INV-00038,100415290,Albertsons (B1),Standard Chartered,2017-09-15T05:51:32.074Z,GBP,2512777.0000,0.0000,0.0000,2512777.00,2512777.00,0,0,,0,0,0,2018-02-07T05:25:47.587Z,TradePaymentRequestSent,2018-02-07T05:25:47.587Z,REFERENCE,
1,A-INV-00039,17|A-INVUID-00039|A-INV-00039,100415290,Albertsons (B1),,2017-09-15T05:51:32.074Z,GBP,136564.0000,0.0000,0.0000,136564.00,0.00,0,0,,0,0,0,2018-02-07T05:25:47.587Z,Accepted,2018-02-07T05:25:47.587Z,,
1,A-INV-00040,17|A-INVUID-00040|A-INV-00040,100415290,Albertsons (B1),Standard Chartered,2017-09-15T05:51:32.074Z,GBP,10.0000,0.0000,10.0000,0.00,10.00,0,0,,0,0,0,2018-02-07T05:25:47.587Z,SettlementNotificationSent,2018-02-07T05:25:47.587Z,REFERENCE,
1,A-INV-00041,17|A-INVUID-00041|A-INV-00041,100415290,Albertsons (B1),Standard Chartered,2017-09-15T05:51:32.074Z,GBP,5.0000,0.0000,0.0000,5.00,5.00,0,0,,0,0,0,2018-02-07T05:25:47.587Z,TradePaymentRequestSent,2018-02-07T05:25:47.587Z,REFERENCE,
1,A-INV-00042,17|A-INVUID-00042|A-INV-00042,100415290,Albertsons (B1),,2017-09-15T05:51:32.074Z,GBP,9633500.0000,0.0000,9633500.0000,0.00,0.00,0,0,,0,0,0,2018-02-07T05:25:47.587Z,InvoiceRepurchased,2018-02-07T05:25:47.587Z,REFERENCE,
1,A-INV-00043,17|A-INVUID-00043|A-INV-00043,100415290,Albertsons (B1),Standard Chartered,2017-09-15T05:51:32.074Z,GBP,9237023.0000,1847404.0000,7389619.0000,0.00,7389619.00,0,0,,0,0,0,2018-02-07T05:25:47.587Z,SettlementNotificationSent,2018-02-07T05:25:47.587Z,,
1,A-INV-00044,17|A-INVUID-00044|A-INV-00044,100415290,Albertsons (B1),Standard Chartered,2017-09-15T05:51:32.074Z,GBP,9126882.0000,0.0000,9126882.0000,0.00,7757850.00,0,0,,0,0,0,2018-02-07T05:25:47.587Z,SettlementNotificationSent,2018-02-07T05:25:47.587Z,,
1,A-INV-00045,17|A-INVUID-00045|A-INV-00045,100415290,Albertsons (B1),Standard Chartered,2017-09-15T05:51:32.074Z,GBP,233328.0000,46665.0000,0.0000,186663.00,186663.00,0,0,,0,0,0,2018-02-07T05:25:47.587Z,SettlementNotificationSent,2018-02-07T05:25:47.587Z,,
1,A-INV-00046,17|A-INVUID-00046|A-INV-00046,100415290,Albertsons (B1),Standard Chartered,2017-09-15T05:51:32.074Z,GBP,3239889.0000,647977.0000,0.0000,2591912.00,2591912.00,0,0,,0,0,0,2018-02-08T05:25:47.587Z,SettlementNotificationSent,2018-02-08T05:25:47.587Z,,
1,A-INV-00047,17|A-INVUID-00047|A-INV-00047,100415290,Albertsons (B1),,2017-09-15T05:51:32.074Z,GBP,4264969.0000,0.0000,0.0000,4264969.00,0.00,0,0,,0,0,0,2018-02-09T05:25:47.587Z,Accepted,2018-02-09T05:25:47.587Z,,
1,A-INV-0010000,17|A-INVUID-0010000|A-INV-0010000,100415290,Albertsons (B1),,2017-09-15T05:51:32.074Z,GBP,7400860.0000,0.0000,0.0000,7400860.00,0.00,0,0,,0,0,0,2018-02-04T05:25:47.587Z,Accepted,2018-02-04T05:25:47.587Z,,
1,A-INV-0010001,17|A-INVUID-0010001|A-INV-0010001,100415290,Albertsons (B1),Standard Chartered,2017-09-15T05:51:32.074Z,GBP,5.0000,0.0000,0.0000,5.00,5.00,0,0,,0,0,0,2018-02-04T05:25:47.587Z,TradePaymentRequestSent,2018-02-04T05:25:47.587Z,REFERENCE,
1,A-INV-0010002,17|A-INVUID-0010002|A-INV-0010002,100415290,Albertsons (B1),Standard Chartered,2017-09-15T05:51:32.074Z,GBP,10.0000,0.0000,0.0000,10.00,10.00,0,0,,0,0,0,2018-02-04T05:25:47.587Z,TradePaymentRequestSent,2018-02-04T05:25:47.587Z,REFERENCE,
1,A-INV-0010003,17|A-INVUID-0010003|A-INV-0010003,100415290,Albertsons (B1),Standard Chartered,2017-09-15T05:51:32.074Z,GBP,6.0000,0.0000,0.0000,6.00,6.00,0,0,,0,0,0,2018-02-04T05:25:47.587Z,TradePaymentRequestSent,2018-02-04T05:25:47.587Z,REFERENCE,
1,A-INV-0010004,17|A-INVUID-0010004|A-INV-0010004,100415290,Albertsons (B1),Standard Chartered,2017-09-15T05:51:32.074Z,GBP,9.0000,0.0000,0.0000,9.00,9.00,0,0,,0,0,0,2018-02-04T05:25:47.587Z,TradePaymentRequestSent,2018-02-04T05:25:47.587Z,REFERENCE,
1,A-INV-0010005,17|A-INVUID-0010005|A-INV-0010005,100415290,Albertsons (B1),Standard Chartered,2017-09-15T05:51:32.074Z,GBP,7.0000,0.0000,0.0000,7.00,7.00,0,0,,0,0,0,2018-02-04T05:25:47.587Z,TradePaymentRequestSent,2018-02-04T05:25:47.587Z,REFERENCE,
1,A-INV-0010006,17|A-INVUID-0010006|A-INV-0010006,100415290,Albertsons (B1),Standard Chartered,2017-09-15T05:51:32.074Z,GBP,8.0000,0.0000,0.0000,8.00,8.00,0,0,,0,0,0,2018-02-04T05:25:47.587Z,TradePaymentRequestSent,2018-02-04T05:25:47.587Z,REFERENCE,
1,A-INV-0010007,17|A-INVUID-0010007|A-INV-0010007,100415290,Albertsons (B1),,2017-09-15T05:51:32.074Z,GBP,8057037.0000,0.0000,0.0000,8057037.00,0.00,0,0,,0,0,0,2018-02-04T05:25:47.587Z,Accepted,2018-02-04T05:25:47.587Z,REFERENCE,
1,A-INV-0010008,17|A-INVUID-0010008|A-INV-0010008,100415290,Albertsons (B1),Standard Chartered,2017-09-15T05:51:32.074Z,GBP,8731474.0000,1746294.0000,1047777.0000,5937403.00,5937403.00,0,0,,0,0,0,2018-02-04T05:25:47.587Z,SettlementNotificationSent,2018-02-04T05:25:47.587Z,,
1,A-INV-0010009,17|A-INVUID-0010009|A-INV-0010009,100415290,Albertsons (B1),,2017-09-15T05:51:32.074Z,GBP,7859822.0000,0.0000,0.0000,7859822.00,0.00,0,0,,0,0,0,2018-02-04T05:25:47.587Z,Accepted,2018-02-04T05:25:47.587Z,,
1,A-INV-0010010,17|A-INVUID-0010010|A-INV-0010010,100415290,Albertsons (B1),Standard Chartered,2017-09-15T05:51:32.074Z,GBP,4.0000,0.0000,0.0000,4.00,4.00,0,0,,0,0,0,2018-02-04T05:25:47.587Z,TradePaymentRequestSent,2018-02-04T05:25:47.587Z,REFERENCE,
1,A-INV-0010011,17|A-INVUID-0010011|A-INV-0010011,100415290,Albertsons (B1),Standard Chartered,2017-09-15T05:51:32.074Z,GBP,11.0000,0.0000,0.0000,11.00,11.00,0,0,,0,0,0,2018-02-04T05:25:47.587Z,TradePaymentRequestSent,2018-02-04T05:25:47.587Z,REFERENCE,
1,A-INV-0010012,17|A-INVUID-0010012|A-INV-0010012,100415290,Albertsons (B1),,2017-09-15T05:51:32.074Z,GBP,134551.0000,0.0000,0.0000,134551.00,0.00,0,0,,0,0,0,2018-02-04T05:25:47.587Z,Accepted,2018-02-04T05:25:47.587Z,,
1,A-INV-0010013,17|A-INVUID-0010013|A-INV-0010013,100415290,Albertsons (B1),Standard Chartered,2017-09-15T05:51:32.074Z,GBP,8.0000,0.0000,0.0000,8.00,8.00,0,0,,0,0,0,2018-02-04T05:25:47.587Z,TradePaymentRequestSent,2018-02-04T05:25:47.587Z,REFERENCE,
1,A-INV-0010014,17|A-INVUID-0010014|A-INV-0010014,100415290,Albertsons (B1),Standard Chartered,2017-09-15T05:51:32.074Z,GBP,7.0000,0.0000,0.0000,7.00,7.00,0,0,,0,0,0,2018-02-04T05:25:47.587Z,TradePaymentRequestSent,2018-02-04T05:25:47.587Z,REFERENCE,
1,A-INV-0010015,17|A-INVUID-0010015|A-INV-0010015,100415290,Albertsons (B1),,2017-09-15T05:51:32.074Z,GBP,280626.0000,0.0000,0.0000,280626.00,0.00,0,0,,0,0,0,2018-02-04T05:25:47.587Z,Accepted,2018-02-04T05:25:47.587Z,REFERENCE,
1,A-INV-0010016,17|A-INVUID-0010016|A-INV-0010016,100415290,Albertsons (B1),,2017-09-15T05:51:32.074Z,GBP,8442547.0000,0.0000,0.0000,8442547.00,0.00,0,0,,0,0,0,2018-02-05T05:25:47.587Z,Accepted,2018-02-05T05:25:47.587Z,,
1,A-INV-0010017,17|A-INVUID-0010017|A-INV-0010017,100415290,Albertsons (B1),Standard Chartered,2017-09-15T05:51:32.074Z,GBP,12.0000,0.0000,12.0000,0.00,12.00,0,0,,0,0,0,2018-02-05T05:25:47.587Z,SettlementNotificationSent,2018-02-05T05:25:47.587Z,REFERENCE,
1,A-INV-0010018,17|A-INVUID-0010018|A-INV-0010018,100415290,Albertsons (B1),Standard Chartered,2017-09-15T05:51:32.074Z,GBP,3.0000,0.0000,3.0000,0.00,3.00,0,0,,0,0,0,2018-02-05T05:25:47.587Z,SettlementNotificationSent,2018-02-05T05:25:47.587Z,REFERENCE,
1,A-INV-0010019,17|A-INVUID-0010019|A-INV-0010019,100415290,Albertsons (B1),,2017-09-15T05:51:32.074Z,GBP,9499241.0000,0.0000,9499241.0000,0.00,0.00,0,0,,0,0,0,2018-02-05T05:25:47.587Z,InvoiceRepurchased,2018-02-05T05:25:47.587Z,REFERENCE,
1,A-INV-0010020,17|A-INVUID-0010020|A-INV-0010020,100415290,Albertsons (B1),Standard Chartered,2017-09-15T05:51:32.074Z,GBP,6454387.0000,1290877.0000,5163510.0000,0.00,5163510.00,0,0,,0,0,0,2018-02-05T05:25:47.587Z,SettlementNotificationSent,2018-02-05T05:25:47.587Z,,
1,A-INV-0010021,17|A-INVUID-0010021|A-INV-0010021,100415290,Albertsons (B1),Standard Chartered,2017-09-15T05:51:32.074Z,GBP,2683512.0000,0.0000,2683512.0000,0.00,2280986.00,0,0,,0,0,0,2018-02-05T05:25:47.587Z,SettlementNotificationSent,2018-02-05T05:25:47.587Z,,
1,A-INV-0010022,17|A-INVUID-0010022|A-INV-0010022,100415290,Albertsons (B1),Standard Chartered,2017-09-15T05:51:32.074Z,GBP,4830779.0000,966155.0000,3864624.0000,0.00,3284931.00,0,0,,0,0,0,2018-02-05T05:25:47.587Z,SettlementNotificationSent,2018-02-05T05:25:47.587Z,,
1,INVNUM-17-000001,17|NID100-INVNUM-17-000001|INVNUM-17-000001,100415290,Vons (B10),Standard Chartered,2018-01-23T00:00:00Z,EUR,2171474.2900,206253.0600,0.0000,1965221.23,1965221.23,0,0,,0,0,0,2018-04-06T00:00:00Z,BidAccepted,2018-04-08T00:00:00Z,CEXDRNDVWCGK,
1,INVNUM-17-000002,17|NID100-INVNUM-17-000002|INVNUM-17-000002,100415290,Vons (B10),Standard Chartered,2018-01-25T00:00:00Z,EUR,3995441.7400,2691963.2300,0.0000,1303478.51,1303478.51,0,0,,0,0,0,2018-04-20T00:00:00Z,BidAccepted,2018-04-22T00:00:00Z,LQUITGLWUBMQ,
1,INVNUM-17-000003,17|NID100-INVNUM-17-000003|INVNUM-17-000003,100415290,Vons (B10),Standard Chartered,2018-01-21T00:00:00Z,EUR,1609996.3100,1531690.1100,0.0000,78306.20,78306.20,0,0,,0,0,0,2018-03-17T00:00:00Z,BidAccepted,2018-03-19T00:00:00Z,WKDDMWYIFSXT,
1,INVNUM-17-000004,17|NID100-INVNUM-17-000004|INVNUM-17-000004,100415290,Vons (B10),Standard Chartered,2018-01-23T00:00:00Z,USD,4366976.6200,1916035.1200,0.0000,2450941.50,2450941.50,0,0,,0,0,0,2018-05-12T00:00:00Z,BidAccepted,2018-05-14T00:00:00Z,AWDQAACOSIGR,
1,INVNUM-17-000005,17|NID100-INVNUM-17-000005|INVNUM-17-000005,100415290,Vons (B10),Standard Chartered,2018-01-20T00:00:00Z,USD,4866465.5400,2094278.8400,0.0000,2772186.70,2772186.70,0,0,,0,0,0,2018-03-09T00:00:00Z,BidAccepted,2018-03-11T00:00:00Z,FLUJISVBRHFH,
1,INVNUM-17-000006,17|NID100-INVNUM-17-000006|INVNUM-17-000006,100415290,Vons (B10),Standard Chartered,2018-01-20T00:00:00Z,EUR,4259421.4500,2231692.1700,0.0000,2027729.28,2027729.28,0,0,,0,0,0,2018-04-29T00:00:00Z,BidAccepted,2018-05-01T00:00:00Z,KYJYDXFRRAIV,
1,INVNUM-17-000007,17|NID100-INVNUM-17-000007|INVNUM-17-000007,100415290,Vons (B10),Standard Chartered,2018-01-23T00:00:00Z,GBP,4890963.5700,4284190.5000,0.0000,606773.07,606773.07,0,0,,0,0,0,2018-05-08T00:00:00Z,BidAccepted,2018-05-10T00:00:00Z,CTVTYWWODKWB,
1,INVNUM-17-000008,17|NID100-INVNUM-17-000008|INVNUM-17-000008,100415290,Vons (B10),Standard Chartered,2018-01-22T00:00:00Z,GBP,558263.1600,305525.8300,0.0000,252737.33,252737.33,0,0,,0,0,0,2018-02-15T00:00:00Z,BidAccepted,2018-02-17T00:00:00Z,CPAMWWBSRVGB,
1,INVNUM-17-000009,17|NID100-INVNUM-17-000009|INVNUM-17-000009,100415290,Vons (B10),Standard Chartered,2018-01-21T00:00:00Z,GBP,3281137.2000,213376.0800,0.0000,3067761.12,3067761.12,0,0,,0,0,0,2018-04-03T00:00:00Z,BidAccepted,2018-04-05T00:00:00Z,QCLUDOYFCXHN,
1,INVNUM-17-000010,17|NID100-INVNUM-17-000010|INVNUM-17-000010,100415290,Vons (B10),Standard Chartered,2018-01-23T00:00:00Z,USD,1217047.7300,261857.3100,0.0000,955190.42,955190.42,0,0,,0,0,0,2018-05-04T00:00:00Z,BidAccepted,2018-05-06T00:00:00Z,VCBUJQDYCHWM,
1,INVUAT-C091,17|DHLUAT-INVUAT-C091|INVUAT-C091,100415290,Albertsons (B1),Standard Chartered,2017-12-05T09:32:40.681Z,GBP,10000.0000,0.0000,0.0000,10000.00,10000.00,0,0,,0,0,0,2018-01-31T09:32:40.681Z,TradePaymentRequestSent,2018-01-31T09:32:40.681Z,REFERENCE,
1,INVUAT-C092,17|DHLUAT-INVUAT-C092|INVUAT-C092,100415290,Albertsons (B1),Standard Chartered,2017-12-05T09:32:40.681Z,GBP,10000.0000,0.0000,0.0000,10000.00,10000.00,0,0,,0,0,0,2018-01-31T09:32:40.681Z,TradePaymentRequestSent,2018-01-31T09:32:40.681Z,REFERENCE,
1,INVUAT-C094,17|DHLUAT-INVUAT-C094|INVUAT-C094,100415290,Albertsons (B1),Standard Chartered,2017-12-05T09:32:40.681Z,GBP,10000.0000,0.0000,0.0000,10000.00,10000.00,0,0,,0,0,0,2018-01-31T09:32:40.681Z,TradePaymentRequestSent,2018-01-31T09:32:40.681Z,REFERENCE,
1,INVUAT-C095,17|DHLUAT-INVUAT-C095|INVUAT-C095,100415290,Albertsons (B1),Standard Chartered,2017-12-05T09:32:40.681Z,GBP,10000.0000,0.0000,0.0000,10000.00,10000.00,0,0,,0,0,0,2018-02-10T09:32:40.681Z,TradePaymentRequestSent,2018-02-10T09:32:40.681Z,REFERENCE,
1,INVUAT-C096,17|DHLUAT-INVUAT-C096|INVUAT-C096,100415290,Albertsons (B1),Standard Chartered,2017-12-05T09:32:40.681Z,GBP,10000.0000,0.0000,0.0000,10000.00,10000.00,0,0,,0,0,0,2018-02-10T09:32:40.681Z,TradePaymentRequestSent,2018-02-10T09:32:40.681Z,REFERENCE,
1,INVUAT-C097,17|DHLUAT-INVUAT-C097|INVUAT-C097,100415290,Albertsons (B1),Standard Chartered,2017-12-05T09:32:40.681Z,GBP,10000.0000,1000.0000,9000.0000,0.00,8000.00,0,0,,0,0,0,2018-02-10T09:32:40.681Z,SettlementNotificationSent,2018-02-10T09:32:40.681Z,,
1,INVUAT-C098,17|DHLUAT-INVUAT-C098|INVUAT-C098,100415290,Albertsons (B1),Standard Chartered,2017-12-05T09:32:40.681Z,GBP,10000.0000,1000.0000,9000.0000,0.00,8000.00,0,0,,0,0,0,2018-02-10T09:32:40.681Z,SettlementNotificationSent,2018-02-10T09:32:40.681Z,,
1,INVUAT-C102,17|DHLUAT-INVUAT-C102|INVUAT-C102,100415290,Albertsons (B1),Standard Chartered,2017-12-05T09:32:40.681Z,GBP,10000.0000,0.0000,0.0000,10000.00,10000.00,0,0,,0,0,0,2018-02-10T09:32:40.681Z,TradePaymentRequestSent,2018-02-10T09:32:40.681Z,REFERENCE,
1,INVUAT-D001,17|DHLUAT-INVUAT-D001|INVUAT-D001,100415290,100283971,Standard Chartered,2017-12-15T07:33:47.828Z,GBP,200000.0000,0.0000,0.0000,200000.00,200000.00,0,0,,0,0,0,2018-01-31T07:33:47.828Z,TradePaymentRequestSent,2018-01-31T07:33:47.828Z,REFERENCE,
1,INVUAT-D002,17|DHLUAT-INVUAT-D002|INVUAT-D002,100415290,100283971,Standard Chartered,2017-12-15T07:33:47.828Z,GBP,200000.0000,0.0000,0.0000,200000.00,200000.00,0,0,,0,0,0,2018-01-31T07:33:47.828Z,TradePaymentRequestSent,2018-01-31T07:33:47.828Z,REFERENCE,
1,INVUAT-D003,17|DHLUAT-INVUAT-D003|INVUAT-D003,100415290,Albertsons (B1),Standard Chartered,2017-12-15T07:33:47.828Z,GBP,200000.0000,0.0000,0.0000,200000.00,200000.00,0,0,,0,0,0,2018-01-31T07:33:47.828Z,TradePaymentRequestSent,2018-01-31T07:33:47.828Z,REFERENCE,
1,INVUAT-D004,17|DHLUAT-INVUAT-D004|INVUAT-D004,100415290,Albertsons (B1),Standard Chartered,2017-12-15T07:33:47.828Z,GBP,300000.0000,0.0000,0.0000,300000.00,300000.00,0,0,,0,0,0,2018-02-03T07:33:47.828Z,TradePaymentRequestSent,2018-02-03T07:33:47.828Z,REFERENCE,
1,INVUAT-D005,17|DHLUAT-INVUAT-D005|INVUAT-D005,100415290,Albertsons (B1),Standard Chartered,2017-12-15T07:33:47.828Z,GBP,200000.0000,0.0000,0.0000,200000.00,200000.00,0,0,,0,0,0,2018-02-04T07:33:47.828Z,TradePaymentRequestSent,2018-02-04T07:33:47.828Z,REFERENCE,
1,INVUAT-F01,17|DHLUAT-INVUAT-F01|INVUAT-F01,100415290,100283971,Standard Chartered,2017-12-15T07:33:47.828Z,GBP,200000.0000,0.0000,0.0000,200000.00,200000.00,0,0,,0,0,0,2018-01-30T07:33:47.828Z,TradePaymentRequestSent,2018-01-30T07:33:47.828Z,REFERENCE,
1,INVUAT-F02,17|DHLUAT-INVUAT-F02|INVUAT-F02,100415290,Albertsons (B1),Standard Chartered,2017-12-15T07:33:47.828Z,GBP,200000.0000,0.0000,0.0000,200000.00,200000.00,0,0,,0,0,0,2018-01-30T07:33:47.828Z,TradePaymentRequestSent,2018-01-30T07:33:47.828Z,REFERENCE,
1,INVUAT-F04,17|DHLUAT-INVUAT-F04|INVUAT-F04,100415290,Albertsons (B1),Standard Chartered,2017-12-15T07:33:47.828Z,GBP,200000.0000,0.0000,0.0000,200000.00,200000.00,0,0,,0,0,0,2018-02-10T07:33:47.828Z,TradePaymentRequestSent,2018-02-10T07:33:47.828Z,REFERENCE,
1,INVUAT-F05,17|DHLUAT-INVUAT-F05|INVUAT-F05,100415290,Albertsons (B1),Standard Chartered,2017-12-15T07:33:47.828Z,GBP,200000.0000,10000.0000,190000.0000,0.00,180000.00,0,0,,0,0,0,2018-02-10T07:33:47.828Z,SettlementNotificationSent,2018-02-10T07:33:47.828Z,,
1,INVUAT-F06,17|DHLUAT-INVUAT-F06|INVUAT-F06,100415290,Albertsons (B1),Standard Chartered,2017-12-15T07:33:47.828Z,GBP,200000.0000,0.0000,0.0000,200000.00,200000.00,200000.00,0,,0,0,0,2018-02-10T07:33:47.828Z,TradePaymentRequestAcknowledged,2018-02-10T07:33:47.828Z,REFERENCE,
1,INVUAT-F07,17|DHLUAT-INVUAT-F07|INVUAT-F07,100415290,Albertsons (B1),Standard Chartered,2017-12-15T07:33:47.828Z,GBP,200000.0000,0.0000,10000.0000,190000.00,190000.00,0,0,,0,0,0,2018-02-10T07:33:47.828Z,SettlementNotificationSent,2018-02-10T07:33:47.828Z,,
1,INVUAT-F08,17|DHLUAT-INVUAT-F08|INVUAT-F08,100415290,Albertsons (B1),Standard Chartered,2017-12-15T07:33:47.828Z,GBP,200000.0000,10000.0000,190000.0000,0.00,180000.00,0,0,,0,0,0,2018-02-10T07:33:47.828Z,SettlementNotificationSent,2018-02-10T07:33:47.828Z,,
1,INVUAT-F09,17|DHLUAT-INVUAT-F09|INVUAT-F09,100415290,Albertsons (B1),Standard Chartered,2017-12-15T07:33:47.828Z,GBP,200000.0000,30000.0000,170000.0000,0.00,120000.00,0,0,,0,0,0,2018-02-10T07:33:47.828Z,SettlementNotificationSent,2018-02-10T07:33:47.828Z,,
1,INVUAT-F10,17|DHLUAT-INVUAT-F10|INVUAT-F10,100415290,Albertsons (B1),Standard Chartered,2017-12-15T07:33:47.828Z,GBP,200000.0000,30000.0000,170000.0000,0.00,120000.00,0,0,,0,0,0,2018-02-10T07:33:47.828Z,SettlementNotificationSent,2018-02-10T07:33:47.828Z,,
1,INVUAT-F11,17|DHLUAT-INVUAT-F11|INVUAT-F11,100415290,Albertsons (B1),Standard Chartered,2017-12-15T07:33:47.828Z,GBP,200000.0000,0.0000,0.0000,200000.00,200000.00,200000.00,0,,0,0,0,2018-02-10T07:33:47.828Z,TradePaymentRequestAcknowledged,2018-02-10T07:33:47.828Z,REFERENCE,
1,INVUAT-F12,17|DHLUAT-INVUAT-F12|INVUAT-F12,100415290,Albertsons (B1),Standard Chartered,2017-12-15T07:33:47.828Z,GBP,150000.0000,70000.0000,80000.0000,0.00,30000.00,0,0,,0,0,0,2018-02-10T07:33:47.828Z,SettlementNotificationSent,2018-02-10T07:33:47.828Z,,
1,INVUAT-F13,17|DHLUAT-INVUAT-F13|INVUAT-F13,100415290,Albertsons (B1),Standard Chartered,2017-12-15T07:33:47.828Z,GBP,150000.0000,0.0000,0.0000,150000.00,150000.00,150000.00,0,,0,0,0,2018-02-10T07:33:47.828Z,TradePaymentRequestAcknowledged,2018-02-10T07:33:47.828Z,REFERENCE,
1,INVUAT-F14,17|DHLUAT-INVUAT-F14|INVUAT-F14,100415290,Albertsons (B1),Standard Chartered,2017-12-15T07:33:47.828Z,GBP,300000.0000,150000.0000,150000.0000,0.00,100000.00,0,0,,0,0,0,2018-02-10T07:33:47.828Z,SettlementNotificationSent,2018-02-10T07:33:47.828Z,,
1,INVUAT-F15,17|DHLUAT-INVUAT-F15|INVUAT-F15,100415290,Albertsons (B1),Standard Chartered,2017-12-15T07:33:47.828Z,GBP,350000.0000,50000.0000,300000.0000,0.00,200000.00,0,0,,0,0,0,2018-02-15T07:33:47.828Z,SettlementNotificationSent,2018-02-15T07:33:47.828Z,,
1,INVUAT-F16,17|DHLUAT-INVUAT-F16|INVUAT-F16,100415290,Albertsons (B1),Standard Chartered,2017-12-15T07:33:47.828Z,GBP,150000.0000,0.0000,0.0000,150000.00,150000.00,0,150000.00,,0,0,150000.00,2018-02-12T07:33:47.828Z,TradePaymentConfirmed,2018-02-12T07:33:47.828Z,REFERENCE,
1,INVUAT-F17,17|DHLUAT-INVUAT-F17|INVUAT-F17,100415290,Albertsons (B1),Standard Chartered,2017-12-15T07:33:47.828Z,GBP,350000.0000,0.0000,0.0000,350000.00,350000.00,350000.00,0,2018-02-05T09:36:03.71Z,0,0,350000.00,2018-02-15T07:33:47.828Z,TradePaymentRequestAcknowledged,2018-02-15T07:33:47.828Z,REFERENCE,
1,INVUAT-F18,17|DHLUAT-INVUAT-F18|INVUAT-F18,100415290,Albertsons (B1),Standard Chartered,2017-12-15T07:33:47.828Z,GBP,350000.0000,100000.0000,250000.0000,0.00,200000.00,0,0,2018-02-05T10:31:03.507Z,0,0,0,2018-02-15T07:33:47.828Z,SettlementNotificationSent,2018-02-15T07:33:47.828Z,,
